2,月木游乐园管理员,男,2024-07-01,管理员
3,一个快乐的小蚂蚁,男,2003-09-09,爱你么么哒
4,伟大祖国万岁,男,2024-06-28,中国万岁
5,无所谓我会出手,女,2024-06-28,哇哈哈哈，吃饭吧
6,爱你的人在等你,女,2004-10-15,我爱你一生一世
7,我一直都在呢,女,1970-01-24,按户撒压德甲
8,我一直都在呢亚,女,2024-06-19,你好呀
9,水至清则无鱼,男,2024-06-29,要和光同尘
11,我的家我做主,男,2024-03-08,好困啊
12,混沌天使,,,你还没有写过任何内容哟
13,黑胡椒额度四季花城,男,2024-06-05,爱你么么哒
14,温度计课件呢发动机,男,2024-07-01,你还没有写过任何内容哟
15,温度计课件呢短信,女,2024-07-01,你还没有写过任何
16,今天是我的生日,,,你还没有写过任何内容哟
17,今天是我的,,,你还没有写过任何内容哟
18,今天是你的,男,2024-07-02,我的我的
19,今天天气有点热,男,2024-07-04,我是一只谢谢小星星
20,好无聊啊吖,女,2024-07-04,有事别找我
